<?xml version="1.0" encoding="UTF-8"?>
<project-private xmlns="http://www.netbeans.org/ns/project-private/1">
    <editor-bookmarks xmlns="http://www.netbeans.org/ns/editor-bookmarks/2" lastBookmarkId="0"/>
    <open-files xmlns="http://www.netbeans.org/ns/projectui-open-files/2">
        <group>
            <file>file:/C:/Users/Felipe/Desktop/%5BOLD%5DDSW2019-1-master/Trab1DSW/src/java/br/ufscar/dc/dsw/servlets/ValidarLoginAdmServlet.java</file>
            <file>file:/C:/Users/Felipe/Desktop/%5BOLD%5DDSW2019-1-master/Trab1DSW/src/java/br/ufscar/dc/dsw/servlets/ValidarLoginSiteServlet.java</file>
            <file>file:/C:/Users/Felipe/Desktop/%5BOLD%5DDSW2019-1-master/Trab1DSW/src/java/br/ufscar/dc/dsw/servlets/ValidarLoginTeatroServlet.java</file>
            <file>file:/C:/Users/Felipe/Desktop/%5BOLD%5DDSW2019-1-master/Trab1DSW/src/java/br/ufscar/dc/dsw/dao/AdministradorDAO.java</file>
        </group>
    </open-files>
</project-private>
