<?xml version="1.0" encoding="UTF-8"?>
<project-private xmlns="http://www.netbeans.org/ns/project-private/1">
    <editor-bookmarks xmlns="http://www.netbeans.org/ns/editor-bookmarks/2" lastBookmarkId="0"/>
    <open-files xmlns="http://www.netbeans.org/ns/projectui-open-files/2">
        <group>
            <file>file:/home/vitor/NetBeansProjects/Trab1DSW/src/java/br/ufscar/dc/dsw/AppConfig.java</file>
            <file>file:/home/vitor/NetBeansProjects/Trab1DSW/src/java/br/ufscar/dc/dsw/controller/PromocaoController.java</file>
            <file>file:/home/vitor/NetBeansProjects/Trab1DSW/src/java/br/ufscar/dc/dsw/CriaUsuarios.java</file>
        </group>
    </open-files>
</project-private>
